<?xml version="1.0"?>
<ProjectRoot xmlns:xsd="http://www.w3.org/2001/XMLSchema" xmlns:xsi="http://www.w3.org/2001/XMLSchema-instance">
  <TagLine>A member of the Fubu family of projects</TagLine>
  <Name>FubuRake</Name>
  <GitHubPage>http://github.com/DarthFubuMVC/FubuRake</GitHubPage>
  <UserGroupUrl>https://groups.google.com/forum/?fromgroups#!forum/fubumvc-devel</UserGroupUrl>
  <BuildServerUrl>http://build.fubu-project.org/project.html?projectId=[CHANGEME]&amp;tab=projectOverview</BuildServerUrl>
  <BottleName>FubuRake.Docs</BottleName>
  <Nugets />
  <Url>fuburake</Url>
</ProjectRoot>